"trackedTime_EST","river","shift","tagID","power","habitat","habitatExtra","position","substrate","substrateExtra","shade","lon","lat","fishNotes","source"
"2024-08-20 09:10:00","AMETHYST","day",19,NA,"Riffle","","Center",NA,"Rock","Fully shaded",-72.4608993333321,42.3815693333326,"","iPad"
"2024-08-20 09:39:00","HARRIS","day",20,NA,"Riffle","","Left",NA,"Boulder","Fully shaded",-72.4601584999988,42.3811604999993,"","iPad"
"2024-08-20 09:54:00","BUFFAM","day",14,NA,"Riffle","","Right",NA,"Rock,Sand","Fully shaded",-72.4599993333321,42.3812629999993,"","iPad"
"2024-08-20 10:40:00","BUFFAM","day",18,NA,"Riffle","","Center",NA,"Rock,Boulder,Granule","Fully shaded",-72.4599296666654,42.3812421666659,"","iPad"
"2024-08-20 11:03:00","HARRIS","day",62,NA,"Riffle","Woody_debris","Left",NA,"Boulder,Rock","Fully shaded",-72.4578389999988,42.3806204999993,"","iPad"
"2024-08-20 11:41:00","BUFFAM","day",60,NA,"Run","","Center",NA,"Rock,Sand","Fully shaded",-72.4585646666655,42.3820621666659,"Recollected alive","iPad"
"2024-08-21 08:30:00","UNDERHILL","day",33,NA,"Riffle","Woody_debris","Center",NA,"Pebble,Rock","Mostly shaded",-72.3263818333333,42.4454111666667,"Recollected alive","iPad"
"2024-08-21 09:12:00","UNDERHILL","day",45,NA,"Riffle","","Center",NA,"Pebble,Rock","Fully shaded",-72.3273426666667,42.4453158333333,"Suspected dead, unable to successfully electrofish ","iPad"
"2024-08-21 09:32:00","UNDERHILL","day",44,NA,"Run","","Center",NA,"Sand,Rock","Mostly shaded",-72.3279893333333,42.4450186666667,"","iPad"
"2024-08-21 09:50:00","UNDERHILL","day",35,NA,"Pool","","Center",NA,"Boulder,Rock,Sand","Fully shaded",-72.329601,42.4437671666667,"","iPad"
"2024-08-21 11:04:00","UNDERHILL","day",45,NA,"Run","","Right",NA,"Sand,Rock","Fully shaded",-72.3273765,42.4451916666667,"Receiver shows it at the tip of this rock. Probably dead.","iPad"
"2024-08-21 10:30:00","UNDERHILL","day",43,NA,"Riffle","","Center",NA,"Rock,Sand","Mostly shaded",-72.3258806666667,42.4453628333333,"Recollected alive","iPad"
"2024-08-22 08:28:00","DRY UPPER","day",54,NA,"Pool","Root_bundle,Woody_debris","Right",NA,"Sand,Rock,Pebble","Fully shaded",-72.5040488333333,42.6661825,"We pulled a ton of fish none were fish 54. Found tag at bottom of stream","iPad"
"2024-08-22 08:59:00","DRY UPPER","day",16,NA,"Pool","","Center",NA,"Rock,Mud,Granule","Fully shaded",-72.5044953333333,42.6676285,"Recollected alive","iPad"
"2024-08-22 09:13:00","DRY UPPER","day",21,NA,"Pool","Undercut_bank","Left",NA,"Pebble,Rock","Fully shaded",-72.504683,42.6680951666667,"Recollected alive","iPad"
"2024-08-22 09:42:00","DRY UPPER","day",30.1,NA,"Pool","Root_bundle,Woody_debris","Left",NA,"Mud","Fully shaded",-72.5050878333333,42.6681738333333,"Recollected alive","iPad"
"2024-08-22 10:19:00","DRY UPPER","day",29.1,NA,"Pool","Woody_debris","Center",NA,"Mud","Fully shaded",-72.5059736666666,42.6684053333333,"Found tag at bottom of brook","iPad"
"2024-08-22 11:45:00","DRY UPPER","day",39.1,NA,"Pool","Undercut_bank,Woody_debris","Right",NA,"Rock,Sand,Pebble","Mostly shaded",-72.5067536666667,42.6682053333333,"Tag not reading on site, most likely 39.1.","iPad"
"2024-08-23 10:50:00","HARRIS","day",62,NA,"Riffle","","Left",NA,"Rock,Pebble,Granule","Mostly shaded",-72.4576918333321,42.3805959999993,"Recovered tag, found at the bottom of the stream","iPad"
"2024-08-23 11:35:00","HARRIS","day",20,NA,"Pool","Woody_debris","Center",NA,"Rock,Boulder,Pebble,Granule","Mostly shaded",-72.4603591666654,42.3813973333326,"Recovered tag, found at the bottom of the stream. Recovered without temp tag, spent time looking but unable to find it","iPad"
"2024-08-23 12:03:00","AMETHYST","day",61,NA,"Pool","","Right",NA,"Sand,Boulder","Fully shaded",-72.4632686666654,42.3795644999993,"Scarring indicative of a tagged fish. Based off location it is presumed to be fish 61. No tag found inside the fish.","iPad"
"2024-08-23 12:28:00","AMETHYST","day",19,NA,"Riffle","","Center",NA,"Boulder,Rock,Pebble,Granule","Mostly shaded",-72.4609618333321,42.3815154999993,"Recovered tag found at bottom of stream, buried in rocks. Part way through search tag stopped working, found with ripped antenna.","iPad"
"2024-08-23 13:18:00","BUFFAM","day",14,NA,"Pool","","Right",NA,"Sand,Rock,Pebble,Granule","Mostly shaded",-72.4599024999988,42.3812738333326,"No tag found, highly suspected to not be a live fish.","iPad"
"2024-08-23 13:19:00","BUFFAM","day",18,NA,"Run","","Center",NA,"Boulder,Rock","Mostly shaded",-72.4598764999988,42.381251666666,"Unable to recover tag even with digging, highly suspected to be just a tag/dead fish","iPad"
